league,page_num,source_url,date_header,match_date,year,team1_raw,team2_raw,team1,team2,series_score,score1,score2,odd1_decimal,odd2_decimal,implied_prob1_vigfree,implied_prob2_vigfree
LPL,1,https://www.oddsportal.com/esports/league-of-legends/league-of-legends-lpl-2024/results/,02 Sep 2024 - Regional Finals,2024-09-02,2024,Weibo Gaming,JD Gaming,Weibo Gaming,JD Gaming,3-2,3,2,2.63,1.5,0.363196,0.636804
LPL,1,https://www.oddsportal.com/esports/league-of-legends/league-of-legends-lpl-2024/results/,01 Sep 2024 - Regional Finals,2024-09-01,2024,Ninjas in Pyjamas,JD Gaming,Ninjas in Pyjamas,JD Gaming,2-3,2,3,2.93,1.41,0.324885,0.675115
LPL,1,https://www.oddsportal.com/esports/league-of-legends/league-of-legends-lpl-2024/results/,30 Aug 2024 - Summer - Play offs,2024-08-30,2024,Bilibili Gaming,Weibo Gaming,Bilibili Gaming,Weibo Gaming,3-0,3,0,1.13,5.53,0.83033,0.16967
LPL,1,https://www.oddsportal.com/esports/league-of-legends/league-of-legends-lpl-2024/results/,24 Aug 2024 - Summer - Play offs,2024-08-24,2024,Top Esports,Weibo Gaming,Top Esports,Weibo Gaming,2-3,2,3,1.2,4.33,0.783002,0.216998
LPL,1,https://www.oddsportal.com/esports/league-of-legends/league-of-legends-lpl-2024/results/,22 Aug 2024 - Summer - Play offs,2024-08-22,2024,Weibo Gaming,LNG Esports,Weibo Gaming,LNG Esports,3-2,3,2,2.71,1.5,0.356295,0.643705
LPL,1,https://www.oddsportal.com/esports/league-of-legends/league-of-legends-lpl-2024/results/,21 Aug 2024 - Summer - Play offs,2024-08-21,2024,Bilibili Gaming,Top Esports,Bilibili Gaming,Top Esports,3-1,3,1,1.5,2.71,0.643705,0.356295
LPL,1,https://www.oddsportal.com/esports/league-of-legends/league-of-legends-lpl-2024/results/,18 Aug 2024 - Summer - Play offs,2024-08-18,2024,LNG Esports,Top Esports,LNG Esports,Top Esports,0-3,0,3,2.65,1.55,0.369048,0.630952
LPL,1,https://www.oddsportal.com/esports/league-of-legends/league-of-legends-lpl-2024/results/,17 Aug 2024 - Summer - Play offs,2024-08-17,2024,Bilibili Gaming,Weibo Gaming,Bilibili Gaming,Weibo Gaming,3-0,3,0,1.25,4.0,0.761905,0.238095
LPL,1,https://www.oddsportal.com/esports/league-of-legends/league-of-legends-lpl-2024/results/,16 Aug 2024 - Summer - Play offs,2024-08-16,2024,Top Esports,Anyone's Legend,Top Esports,Anyone's Legend,3-1,3,1,1.15,5.53,0.827844,0.172156
LPL,1,https://www.oddsportal.com/esports/league-of-legends/league-of-legends-lpl-2024/results/,15 Aug 2024 - Summer - Play offs,2024-08-15,2024,Weibo Gaming,Ninjas in Pyjamas,Weibo Gaming,Ninjas in Pyjamas,3-1,3,1,1.57,2.4,0.604534,0.395466
LPL,1,https://www.oddsportal.com/esports/league-of-legends/league-of-legends-lpl-2024/results/,13 Aug 2024 - Summer - Play offs,2024-08-13,2024,Anyone's Legend,FunPlus Phoenix,Anyone's Legend,FunPlus Phoenix,3-1,3,1,1.36,3.23,0.703704,0.296296
LPL,1,https://www.oddsportal.com/esports/league-of-legends/league-of-legends-lpl-2024/results/,12 Aug 2024 - Summer - Play offs,2024-08-12,2024,JD Gaming,Ninjas in Pyjamas,JD Gaming,Ninjas in Pyjamas,2-3,2,3,1.22,4.57,0.789292,0.210708
LPL,1,https://www.oddsportal.com/esports/league-of-legends/league-of-legends-lpl-2024/results/,11 Aug 2024 - Summer - Play offs,2024-08-11,2024,FunPlus Phoenix,TT Gaming,FunPlus Phoenix,TT Gaming,3-2,3,2,1.73,2.16,0.55527,0.44473
LPL,1,https://www.oddsportal.com/esports/league-of-legends/league-of-legends-lpl-2024/results/,05 Aug 2024 - Summer - Stage 3,2024-08-05,2024,Oh My God,TT Gaming,Oh My God,TT Gaming,0-3,0,3,2.18,1.78,0.449495,0.550505
LPL,1,https://www.oddsportal.com/esports/league-of-legends/league-of-legends-lpl-2024/results/,04 Aug 2024 - Summer - Stage 3,2024-08-04,2024,Ninjas in Pyjamas,Rare Atom,Ninjas in Pyjamas,Rare Atom,3-0,3,0,1.57,2.4,0.604534,0.395466
LPL,1,https://www.oddsportal.com/esports/league-of-legends/league-of-legends-lpl-2024/results/,31 Jul 2024 - Summer - Stage 2,2024-07-31,2024,Top Esports,JD Gaming,Top Esports,JD Gaming,2-0,2,0,1.48,2.86,0.658986,0.341014
LPL,1,https://www.oddsportal.com/esports/league-of-legends/league-of-legends-lpl-2024/results/,31 Jul 2024 - Summer - Stage 2,2024-07-31,2024,FunPlus Phoenix,Bilibili Gaming,FunPlus Phoenix,Bilibili Gaming,0-2,0,2,6.15,1.14,0.156379,0.843621
LPL,1,https://www.oddsportal.com/esports/league-of-legends/league-of-legends-lpl-2024/results/,30 Jul 2024 - Summer - Stage 2,2024-07-30,2024,Bilibili Gaming,Anyone's Legend,Bilibili Gaming,Anyone's Legend,2-1,2,1,1.24,4.2,0.772059,0.227941
LPL,1,https://www.oddsportal.com/esports/league-of-legends/league-of-legends-lpl-2024/results/,29 Jul 2024 - Summer - Stage 2,2024-07-29,2024,Rare Atom,Oh My God,Rare Atom,Oh My God,0-2,0,2,1.72,2.05,0.543767,0.456233
LPL,1,https://www.oddsportal.com/esports/league-of-legends/league-of-legends-lpl-2024/results/,29 Jul 2024 - Summer - Stage 2,2024-07-29,2024,TT Gaming,Royal Never Give Up,TT Gaming,Royal Never Give Up,2-0,2,0,1.31,3.57,0.731557,0.268443
LPL,1,https://www.oddsportal.com/esports/league-of-legends/league-of-legends-lpl-2024/results/,28 Jul 2024 - Summer - Stage 2,2024-07-28,2024,Weibo Gaming,FunPlus Phoenix,Weibo Gaming,FunPlus Phoenix,2-0,2,0,1.5,2.71,0.643705,0.356295
LPL,1,https://www.oddsportal.com/esports/league-of-legends/league-of-legends-lpl-2024/results/,28 Jul 2024 - Summer - Stage 2,2024-07-28,2024,LNG Esports,Anyone's Legend,LNG Esports,Anyone's Legend,2-1,2,1,1.5,2.71,0.643705,0.356295
LPL,1,https://www.oddsportal.com/esports/league-of-legends/league-of-legends-lpl-2024/results/,27 Jul 2024 - Summer - Stage 2,2024-07-27,2024,Top Esports,FunPlus Phoenix,Top Esports,FunPlus Phoenix,2-0,2,0,1.22,4.51,0.787086,0.212914
LPL,1,https://www.oddsportal.com/esports/league-of-legends/league-of-legends-lpl-2024/results/,27 Jul 2024 - Summer - Stage 2,2024-07-27,2024,Ultra Prime,EDward Gaming,Ultra Prime,EDward Gaming,0-2,0,2,1.92,1.92,0.5,0.5
LPL,1,https://www.oddsportal.com/esports/league-of-legends/league-of-legends-lpl-2024/results/,27 Jul 2024 - Summer - Stage 2,2024-07-27,2024,LNG Esports,LGD Gaming,LNG Esports,LGD Gaming,2-1,2,1,1.12,7.1,0.863747,0.136253
LPL,1,https://www.oddsportal.com/esports/league-of-legends/league-of-legends-lpl-2024/results/,26 Jul 2024 - Summer - Stage 2,2024-07-26,2024,Ninjas in Pyjamas,Bilibili Gaming,Ninjas in Pyjamas,Bilibili Gaming,1-2,1,2,7.95,1.12,0.123484,0.876516
LPL,1,https://www.oddsportal.com/esports/league-of-legends/league-of-legends-lpl-2024/results/,26 Jul 2024 - Summer - Stage 2,2024-07-26,2024,Top Esports,Anyone's Legend,Top Esports,Anyone's Legend,2-0,2,0,1.4,3.1,0.688889,0.311111
LPL,1,https://www.oddsportal.com/esports/league-of-legends/league-of-legends-lpl-2024/results/,26 Jul 2024 - Summer - Stage 2,2024-07-26,2024,TT Gaming,Oh My God,TT Gaming,Oh My God,2-0,2,0,2.07,1.79,0.463731,0.536269
LPL,1,https://www.oddsportal.com/esports/league-of-legends/league-of-legends-lpl-2024/results/,25 Jul 2024 - Summer - Stage 2,2024-07-25,2024,Royal Never Give Up,Invictus Gaming,Royal Never Give Up,Invictus Gaming,1-2,1,2,2.71,1.5,0.356295,0.643705
LPL,1,https://www.oddsportal.com/esports/league-of-legends/league-of-legends-lpl-2024/results/,25 Jul 2024 - Summer - Stage 2,2024-07-25,2024,Team WE,Rare Atom,Team WE,Rare Atom,1-2,1,2,1.92,1.92,0.5,0.5
LPL,1,https://www.oddsportal.com/esports/league-of-legends/league-of-legends-lpl-2024/results/,24 Jul 2024 - Summer - Stage 2,2024-07-24,2024,LNG Esports,JD Gaming,LNG Esports,JD Gaming,2-1,2,1,2.17,1.75,0.446429,0.553571
LPL,1,https://www.oddsportal.com/esports/league-of-legends/league-of-legends-lpl-2024/results/,24 Jul 2024 - Summer - Stage 2,2024-07-24,2024,Ultra Prime,Oh My God,Ultra Prime,Oh My God,1-2,1,2,3.07,1.45,0.320796,0.679204
LPL,1,https://www.oddsportal.com/esports/league-of-legends/league-of-legends-lpl-2024/results/,23 Jul 2024 - Summer - Stage 2,2024-07-23,2024,Top Esports,Ninjas in Pyjamas,Top Esports,Ninjas in Pyjamas,2-0,2,0,1.14,6.15,0.843621,0.156379
LPL,1,https://www.oddsportal.com/esports/league-of-legends/league-of-legends-lpl-2024/results/,23 Jul 2024 - Summer - Stage 2,2024-07-23,2024,Weibo Gaming,Bilibili Gaming,Weibo Gaming,Bilibili Gaming,1-2,1,2,4.51,1.28,0.221071,0.778929
LPL,1,https://www.oddsportal.com/esports/league-of-legends/league-of-legends-lpl-2024/results/,22 Jul 2024 - Summer - Stage 2,2024-07-22,2024,TT Gaming,EDward Gaming,TT Gaming,EDward Gaming,1-2,1,2,1.49,2.71,0.645238,0.354762
LPL,1,https://www.oddsportal.com/esports/league-of-legends/league-of-legends-lpl-2024/results/,22 Jul 2024 - Summer - Stage 2,2024-07-22,2024,Royal Never Give Up,Rare Atom,Royal Never Give Up,Rare Atom,0-2,0,2,3.25,1.37,0.296537,0.703463
LPL,1,https://www.oddsportal.com/esports/league-of-legends/league-of-legends-lpl-2024/results/,21 Jul 2024 - Summer - Stage 2,2024-07-21,2024,LNG Esports,FunPlus Phoenix,LNG Esports,FunPlus Phoenix,0-2,0,2,1.25,4.2,0.770642,0.229358
LPL,1,https://www.oddsportal.com/esports/league-of-legends/league-of-legends-lpl-2024/results/,20 Jul 2024 - Summer - Stage 2,2024-07-20,2024,JD Gaming,Bilibili Gaming,JD Gaming,Bilibili Gaming,1-2,1,2,2.71,1.55,0.36385,0.63615
LPL,1,https://www.oddsportal.com/esports/league-of-legends/league-of-legends-lpl-2024/results/,20 Jul 2024 - Summer - Stage 2,2024-07-20,2024,LNG Esports,LGD Gaming,LNG Esports,LGD Gaming,2-1,2,1,1.12,7.1,0.863747,0.136253
LPL,1,https://www.oddsportal.com/esports/league-of-legends/league-of-legends-lpl-2024/results/,20 Jul 2024 - Summer - Stage 2,2024-07-20,2024,Top Esports,LGD Gaming,Top Esports,LGD Gaming,2-0,2,0,1.07,9.45,0.898289,0.101711
LPL,1,https://www.oddsportal.com/esports/league-of-legends/league-of-legends-lpl-2024/results/,20 Jul 2024 - Summer - Stage 2,2024-07-20,2024,Team WE,Oh My God,Team WE,Oh My God,0-2,0,2,1.5,2.86,0.655963,0.344037
LPL,1,https://www.oddsportal.com/esports/league-of-legends/league-of-legends-lpl-2024/results/,19 Jul 2024 - Summer - Stage 2,2024-07-19,2024,Ninjas in Pyjamas,JD Gaming,Ninjas in Pyjamas,JD Gaming,0-2,0,2,5.63,1.18,0.173275,0.826725
LPL,1,https://www.oddsportal.com/esports/league-of-legends/league-of-legends-lpl-2024/results/,19 Jul 2024 - Summer - Stage 2,2024-07-19,2024,LGD Gaming,FunPlus Phoenix,LGD Gaming,FunPlus Phoenix,1-2,1,2,2.45,1.62,0.398034,0.601966
LPL,1,https://www.oddsportal.com/esports/league-of-legends/league-of-legends-lpl-2024/results/,19 Jul 2024 - Summer - Stage 2,2024-07-19,2024,Invictus Gaming,EDward Gaming,Invictus Gaming,EDward Gaming,2-0,2,0,2.71,1.52,0.359338,0.640662
LPL,1,https://www.oddsportal.com/esports/league-of-legends/league-of-legends-lpl-2024/results/,18 Jul 2024 - Summer - Stage 2,2024-07-18,2024,LNG Esports,Bilibili Gaming,LNG Esports,Bilibili Gaming,2-1,2,1,3.57,1.32,0.269939,0.730061
LPL,1,https://www.oddsportal.com/esports/league-of-legends/league-of-legends-lpl-2024/results/,18 Jul 2024 - Summer - Stage 2,2024-07-18,2024,Weibo Gaming,Anyone's Legend,Weibo Gaming,Anyone's Legend,2-0,2,0,2.5,1.5,0.375,0.625
LPL,2,https://www.oddsportal.com/esports/league-of-legends/league-of-legends-lpl-2024/results/#/page/2/,18 Jul 2024 - Summer - Stage 2,2024-07-18,2024,Ultra Prime,Royal Never Give Up,Ultra Prime,Royal Never Give Up,1-2,1,2,1.1,7.95,0.878453,0.121547
LPL,2,https://www.oddsportal.com/esports/league-of-legends/league-of-legends-lpl-2024/results/#/page/2/,17 Jul 2024 - Summer - Stage 2,2024-07-17,2024,Weibo Gaming,Top Esports,Weibo Gaming,Top Esports,0-2,0,2,3.57,1.35,0.27439,0.72561
LPL,2,https://www.oddsportal.com/esports/league-of-legends/league-of-legends-lpl-2024/results/#/page/2/,16 Jul 2024 - Summer - Stage 2,2024-07-16,2024,Ninjas in Pyjamas,FunPlus Phoenix,Ninjas in Pyjamas,FunPlus Phoenix,1-2,1,2,1.72,2.17,0.557841,0.442159
LPL,2,https://www.oddsportal.com/esports/league-of-legends/league-of-legends-lpl-2024/results/#/page/2/,16 Jul 2024 - Summer - Stage 2,2024-07-16,2024,Rare Atom,EDward Gaming,Rare Atom,EDward Gaming,2-1,2,1,1.95,1.88,0.490862,0.509138
LPL,2,https://www.oddsportal.com/esports/league-of-legends/league-of-legends-lpl-2024/results/#/page/2/,15 Jul 2024 - Summer - Stage 2,2024-07-15,2024,LGD Gaming,Bilibili Gaming,LGD Gaming,Bilibili Gaming,0-2,0,2,9.45,1.07,0.101711,0.898289
LPL,2,https://www.oddsportal.com/esports/league-of-legends/league-of-legends-lpl-2024/results/#/page/2/,15 Jul 2024 - Summer - Stage 2,2024-07-15,2024,Oh My God,Invictus Gaming,Oh My God,Invictus Gaming,2-1,2,1,1.4,3.07,0.686801,0.313199
LPL,2,https://www.oddsportal.com/esports/league-of-legends/league-of-legends-lpl-2024/results/#/page/2/,14 Jul 2024 - Summer - Stage 2,2024-07-14,2024,Top Esports,LNG Esports,Top Esports,LNG Esports,0-2,0,2,1.31,3.8,0.74364,0.25636
LPL,2,https://www.oddsportal.com/esports/league-of-legends/league-of-legends-lpl-2024/results/#/page/2/,14 Jul 2024 - Summer - Stage 2,2024-07-14,2024,Anyone's Legend,JD Gaming,Anyone's Legend,JD Gaming,1-2,1,2,2.34,1.63,0.410579,0.589421
LPL,2,https://www.oddsportal.com/esports/league-of-legends/league-of-legends-lpl-2024/results/#/page/2/,13 Jul 2024 - Summer - Stage 2,2024-07-13,2024,Weibo Gaming,Ninjas in Pyjamas,Weibo Gaming,Ninjas in Pyjamas,2-0,2,0,2.05,1.85,0.474359,0.525641
LPL,2,https://www.oddsportal.com/esports/league-of-legends/league-of-legends-lpl-2024/results/#/page/2/,13 Jul 2024 - Summer - Stage 2,2024-07-13,2024,Team WE,Royal Never Give Up,Team WE,Royal Never Give Up,2-0,2,0,1.17,5.63,0.827941,0.172059
LPL,2,https://www.oddsportal.com/esports/league-of-legends/league-of-legends-lpl-2024/results/#/page/2/,13 Jul 2024 - Summer - Stage 2,2024-07-13,2024,Rare Atom,Invictus Gaming,Rare Atom,Invictus Gaming,2-0,2,0,1.63,2.34,0.589421,0.410579
LPL,2,https://www.oddsportal.com/esports/league-of-legends/league-of-legends-lpl-2024/results/#/page/2/,12 Jul 2024 - Summer - Stage 2,2024-07-12,2024,Top Esports,Bilibili Gaming,Top Esports,Bilibili Gaming,1-2,1,2,2.07,1.79,0.463731,0.536269
LPL,2,https://www.oddsportal.com/esports/league-of-legends/league-of-legends-lpl-2024/results/#/page/2/,12 Jul 2024 - Summer - Stage 2,2024-07-12,2024,Oh My God,EDward Gaming,Oh My God,EDward Gaming,2-1,2,1,2.71,1.55,0.36385,0.63615
LPL,2,https://www.oddsportal.com/esports/league-of-legends/league-of-legends-lpl-2024/results/#/page/2/,12 Jul 2024 - Summer - Stage 2,2024-07-12,2024,LGD Gaming,JD Gaming,LGD Gaming,JD Gaming,0-2,0,2,5.63,1.17,0.172059,0.827941
LPL,2,https://www.oddsportal.com/esports/league-of-legends/league-of-legends-lpl-2024/results/#/page/2/,11 Jul 2024 - Summer - Stage 2,2024-07-11,2024,Ninjas in Pyjamas,Anyone's Legend,Ninjas in Pyjamas,Anyone's Legend,0-2,0,2,2.35,1.63,0.409548,0.590452
LPL,2,https://www.oddsportal.com/esports/league-of-legends/league-of-legends-lpl-2024/results/#/page/2/,11 Jul 2024 - Summer - Stage 2,2024-07-11,2024,Ultra Prime,Rare Atom,Ultra Prime,Rare Atom,2-0,2,0,3.07,1.4,0.313199,0.686801
LPL,2,https://www.oddsportal.com/esports/league-of-legends/league-of-legends-lpl-2024/results/#/page/2/,10 Jul 2024 - Summer - Stage 2,2024-07-10,2024,Weibo Gaming,LNG Esports,Weibo Gaming,LNG Esports,1-2,1,2,2.45,1.58,0.39206,0.60794
LPL,2,https://www.oddsportal.com/esports/league-of-legends/league-of-legends-lpl-2024/results/#/page/2/,09 Jul 2024 - Summer - Stage 2,2024-07-09,2024,JD Gaming,FunPlus Phoenix,JD Gaming,FunPlus Phoenix,2-1,2,1,1.18,5.08,0.811502,0.188498
LPL,2,https://www.oddsportal.com/esports/league-of-legends/league-of-legends-lpl-2024/results/#/page/2/,09 Jul 2024 - Summer - Stage 2,2024-07-09,2024,Royal Never Give Up,Oh My God,Royal Never Give Up,Oh My God,0-2,0,2,1.72,2.17,0.557841,0.442159
LPL,2,https://www.oddsportal.com/esports/league-of-legends/league-of-legends-lpl-2024/results/#/page/2/,08 Jul 2024 - Summer - Stage 2,2024-07-08,2024,LGD Gaming,Anyone's Legend,LGD Gaming,Anyone's Legend,0-2,0,2,3.07,1.44,0.31929,0.68071
LPL,2,https://www.oddsportal.com/esports/league-of-legends/league-of-legends-lpl-2024/results/#/page/2/,08 Jul 2024 - Summer - Stage 2,2024-07-08,2024,Team WE,EDward Gaming,Team WE,EDward Gaming,2-0,2,0,1.67,2.34,0.583541,0.416459
LPL,2,https://www.oddsportal.com/esports/league-of-legends/league-of-legends-lpl-2024/results/#/page/2/,07 Jul 2024 - Summer - Stage 2,2024-07-07,2024,Ninjas in Pyjamas,LNG Esports,Ninjas in Pyjamas,LNG Esports,0-2,0,2,1.68,2.34,0.58209,0.41791
LPL,2,https://www.oddsportal.com/esports/league-of-legends/league-of-legends-lpl-2024/results/#/page/2/,06 Jul 2024 - Summer - Stage 2,2024-07-06,2024,Weibo Gaming,JD Gaming,Weibo Gaming,JD Gaming,2-0,2,0,5.63,1.16,0.170839,0.829161
LPL,2,https://www.oddsportal.com/esports/league-of-legends/league-of-legends-lpl-2024/results/#/page/2/,06 Jul 2024 - Summer - Stage 2,2024-07-06,2024,TT Gaming,Rare Atom,TT Gaming,Rare Atom,0-2,0,2,2.17,1.72,0.442159,0.557841
LPL,2,https://www.oddsportal.com/esports/league-of-legends/league-of-legends-lpl-2024/results/#/page/2/,05 Jul 2024 - Summer - Stage 2,2024-07-05,2024,FunPlus Phoenix,Anyone's Legend,FunPlus Phoenix,Anyone's Legend,0-2,0,2,2.8,1.38,0.330144,0.669856
LPL,2,https://www.oddsportal.com/esports/league-of-legends/league-of-legends-lpl-2024/results/#/page/2/,05 Jul 2024 - Summer - Stage 2,2024-07-05,2024,Royal Never Give Up,EDward Gaming,Royal Never Give Up,EDward Gaming,1-2,1,2,3.47,1.33,0.277083,0.722917
LPL,2,https://www.oddsportal.com/esports/league-of-legends/league-of-legends-lpl-2024/results/#/page/2/,29 Jun 2024 - Summer - Stage 1,2024-06-29,2024,Invictus Gaming,Weibo Gaming,Invictus Gaming,Weibo Gaming,0-2,0,2,2.86,1.48,0.341014,0.658986
LPL,2,https://www.oddsportal.com/esports/league-of-legends/league-of-legends-lpl-2024/results/#/page/2/,28 Jun 2024 - Summer - Stage 1,2024-06-28,2024,EDward Gaming,JD Gaming,EDward Gaming,JD Gaming,0-2,0,2,6.15,1.15,0.157534,0.842466
LPL,2,https://www.oddsportal.com/esports/league-of-legends/league-of-legends-lpl-2024/results/#/page/2/,28 Jun 2024 - Summer - Stage 1,2024-06-28,2024,TT Gaming,FunPlus Phoenix,TT Gaming,FunPlus Phoenix,0-2,0,2,2.71,1.5,0.356295,0.643705
LPL,2,https://www.oddsportal.com/esports/league-of-legends/league-of-legends-lpl-2024/results/#/page/2/,27 Jun 2024 - Summer - Stage 1,2024-06-27,2024,LGD Gaming,Bilibili Gaming,LGD Gaming,Bilibili Gaming,2-1,2,1,9.45,1.08,0.102564,0.897436
LPL,2,https://www.oddsportal.com/esports/league-of-legends/league-of-legends-lpl-2024/results/#/page/2/,27 Jun 2024 - Summer - Stage 1,2024-06-27,2024,Royal Never Give Up,Team WE,Royal Never Give Up,Team WE,2-1,2,1,5.63,1.16,0.170839,0.829161
LPL,2,https://www.oddsportal.com/esports/league-of-legends/league-of-legends-lpl-2024/results/#/page/2/,26 Jun 2024 - Summer - Stage 1,2024-06-26,2024,Oh My God,LNG Esports,Oh My God,LNG Esports,1-2,1,2,6.15,1.14,0.156379,0.843621
LPL,2,https://www.oddsportal.com/esports/league-of-legends/league-of-legends-lpl-2024/results/#/page/2/,26 Jun 2024 - Summer - Stage 1,2024-06-26,2024,Rare Atom,Top Esports,Rare Atom,Top Esports,0-2,0,2,11.9,1.04,0.080371,0.919629
LPL,2,https://www.oddsportal.com/esports/league-of-legends/league-of-legends-lpl-2024/results/#/page/2/,25 Jun 2024 - Summer - Stage 1,2024-06-25,2024,Anyone's Legend,Weibo Gaming,Anyone's Legend,Weibo Gaming,2-0,2,0,1.45,3.89,0.728464,0.271536
LPL,2,https://www.oddsportal.com/esports/league-of-legends/league-of-legends-lpl-2024/results/#/page/2/,24 Jun 2024 - Summer - Stage 1,2024-06-24,2024,JD Gaming,FunPlus Phoenix,JD Gaming,FunPlus Phoenix,2-0,2,0,1.14,6.15,0.843621,0.156379
LPL,2,https://www.oddsportal.com/esports/league-of-legends/league-of-legends-lpl-2024/results/#/page/2/,24 Jun 2024 - Summer - Stage 1,2024-06-24,2024,TT Gaming,EDward Gaming,TT Gaming,EDward Gaming,2-0,2,0,2.86,1.48,0.341014,0.658986
LPL,2,https://www.oddsportal.com/esports/league-of-legends/league-of-legends-lpl-2024/results/#/page/2/,23 Jun 2024 - Summer - Stage 1,2024-06-23,2024,Top Esports,LNG Esports,Top Esports,LNG Esports,2-1,2,1,1.29,3.89,0.750965,0.249035
LPL,2,https://www.oddsportal.com/esports/league-of-legends/league-of-legends-lpl-2024/results/#/page/2/,23 Jun 2024 - Summer - Stage 1,2024-06-23,2024,Anyone's Legend,Invictus Gaming,Anyone's Legend,Invictus Gaming,2-0,2,0,1.14,6.15,0.843621,0.156379
LPL,2,https://www.oddsportal.com/esports/league-of-legends/league-of-legends-lpl-2024/results/#/page/2/,22 Jun 2024 - Summer - Stage 1,2024-06-22,2024,Bilibili Gaming,Royal Never Give Up,Bilibili Gaming,Royal Never Give Up,2-0,2,0,1.04,11.9,0.919629,0.080371
LPL,2,https://www.oddsportal.com/esports/league-of-legends/league-of-legends-lpl-2024/results/#/page/2/,21 Jun 2024 - Summer - Stage 1,2024-06-21,2024,Ninjas in Pyjamas,Weibo Gaming,Ninjas in Pyjamas,Weibo Gaming,2-0,2,0,1.68,2.23,0.570332,0.429668
LPL,2,https://www.oddsportal.com/esports/league-of-legends/league-of-legends-lpl-2024/results/#/page/2/,21 Jun 2024 - Summer - Stage 1,2024-06-21,2024,Ultra Prime,Anyone's Legend,Ultra Prime,Anyone's Legend,1-2,1,2,4.2,1.25,0.229358,0.770642
LPL,2,https://www.oddsportal.com/esports/league-of-legends/league-of-legends-lpl-2024/results/#/page/2/,20 Jun 2024 - Summer - Stage 1,2024-06-20,2024,Oh My God,Rare Atom,Oh My God,Rare Atom,0-2,0,2,1.95,1.75,0.472973,0.527027
LPL,2,https://www.oddsportal.com/esports/league-of-legends/league-of-legends-lpl-2024/results/#/page/2/,20 Jun 2024 - Summer - Stage 1,2024-06-20,2024,EDward Gaming,FunPlus Phoenix,EDward Gaming,FunPlus Phoenix,1-2,1,2,1.67,2.3,0.579345,0.420655
LPL,3,https://www.oddsportal.com/esports/league-of-legends/league-of-legends-lpl-2024/results/#/page/3/,19 Jun 2024 - Summer - Stage 1,2024-06-19,2024,TT Gaming,JD Gaming,TT Gaming,JD Gaming,1-2,1,2,9.45,1.08,0.102564,0.897436
LPL,3,https://www.oddsportal.com/esports/league-of-legends/league-of-legends-lpl-2024/results/#/page/3/,18 Jun 2024 - Summer - Stage 1,2024-06-18,2024,Bilibili Gaming,Team WE,Bilibili Gaming,Team WE,2-0,2,0,1.14,6.15,0.843621,0.156379
LPL,3,https://www.oddsportal.com/esports/league-of-legends/league-of-legends-lpl-2024/results/#/page/3/,18 Jun 2024 - Summer - Stage 1,2024-06-18,2024,LGD Gaming,Royal Never Give Up,LGD Gaming,Royal Never Give Up,2-0,2,0,1.92,1.95,0.503876,0.496124
LPL,3,https://www.oddsportal.com/esports/league-of-legends/league-of-legends-lpl-2024/results/#/page/3/,17 Jun 2024 - Summer - Stage 1,2024-06-17,2024,Anyone's Legend,Ninjas in Pyjamas,Anyone's Legend,Ninjas in Pyjamas,2-1,2,1,1.95,1.92,0.496124,0.503876
LPL,3,https://www.oddsportal.com/esports/league-of-legends/league-of-legends-lpl-2024/results/#/page/3/,17 Jun 2024 - Summer - Stage 1,2024-06-17,2024,Weibo Gaming,Ultra Prime,Weibo Gaming,Ultra Prime,0-2,0,2,1.2,5.08,0.808917,0.191083
LPL,3,https://www.oddsportal.com/esports/league-of-legends/league-of-legends-lpl-2024/results/#/page/3/,16 Jun 2024 - Summer - Stage 1,2024-06-16,2024,Oh My God,Top Esports,Oh My God,Top Esports,0-2,0,2,10.6,1.06,0.090909,0.909091
LPL,3,https://www.oddsportal.com/esports/league-of-legends/league-of-legends-lpl-2024/results/#/page/3/,16 Jun 2024 - Summer - Stage 1,2024-06-16,2024,Rare Atom,LNG Esports,Rare Atom,LNG Esports,0-2,0,2,4.51,1.32,0.226415,0.773585
LPL,3,https://www.oddsportal.com/esports/league-of-legends/league-of-legends-lpl-2024/results/#/page/3/,15 Jun 2024 - Summer - Stage 1,2024-06-15,2024,FunPlus Phoenix,JD Gaming,FunPlus Phoenix,JD Gaming,0-2,0,2,5.08,1.22,0.193651,0.806349
LPL,3,https://www.oddsportal.com/esports/league-of-legends/league-of-legends-lpl-2024/results/#/page/3/,15 Jun 2024 - Summer - Stage 1,2024-06-15,2024,EDward Gaming,TT Gaming,EDward Gaming,TT Gaming,2-0,2,0,1.58,2.45,0.60794,0.39206
LPL,3,https://www.oddsportal.com/esports/league-of-legends/league-of-legends-lpl-2024/results/#/page/3/,14 Jun 2024 - Summer - Stage 1,2024-06-14,2024,Royal Never Give Up,LGD Gaming,Royal Never Give Up,LGD Gaming,1-2,1,2,2.03,1.83,0.474093,0.525907
LPL,3,https://www.oddsportal.com/esports/league-of-legends/league-of-legends-lpl-2024/results/#/page/3/,13 Jun 2024 - Summer - Stage 1,2024-06-13,2024,Team WE,Bilibili Gaming,Team WE,Bilibili Gaming,1-2,1,2,6.15,1.14,0.156379,0.843621
LPL,3,https://www.oddsportal.com/esports/league-of-legends/league-of-legends-lpl-2024/results/#/page/3/,13 Jun 2024 - Summer - Stage 1,2024-06-13,2024,Anyone's Legend,Weibo Gaming,Anyone's Legend,Weibo Gaming,0-2,0,2,1.5,2.71,0.643705,0.356295
LPL,3,https://www.oddsportal.com/esports/league-of-legends/league-of-legends-lpl-2024/results/#/page/3/,12 Jun 2024 - Summer - Stage 1,2024-06-12,2024,Top Esports,Oh My God,Top Esports,Oh My God,2-0,2,0,1.05,11.9,0.918919,0.081081
LPL,3,https://www.oddsportal.com/esports/league-of-legends/league-of-legends-lpl-2024/results/#/page/3/,12 Jun 2024 - Summer - Stage 1,2024-06-12,2024,LNG Esports,Rare Atom,LNG Esports,Rare Atom,1-2,1,2,1.17,5.63,0.827941,0.172059
LPL,3,https://www.oddsportal.com/esports/league-of-legends/league-of-legends-lpl-2024/results/#/page/3/,11 Jun 2024 - Summer - Stage 1,2024-06-11,2024,Invictus Gaming,Anyone's Legend,Invictus Gaming,Anyone's Legend,0-2,0,2,7.1,1.13,0.137303,0.862697
LPL,3,https://www.oddsportal.com/esports/league-of-legends/league-of-legends-lpl-2024/results/#/page/3/,10 Jun 2024 - Summer - Stage 1,2024-06-10,2024,Bilibili Gaming,LGD Gaming,Bilibili Gaming,LGD Gaming,2-0,2,0,1.02,15.5,0.938257,0.061743
LPL,3,https://www.oddsportal.com/esports/league-of-legends/league-of-legends-lpl-2024/results/#/page/3/,10 Jun 2024 - Summer - Stage 1,2024-06-10,2024,FunPlus Phoenix,EDward Gaming,FunPlus Phoenix,EDward Gaming,0-2,0,2,1.75,2.17,0.553571,0.446429
LPL,3,https://www.oddsportal.com/esports/league-of-legends/league-of-legends-lpl-2024/results/#/page/3/,08 Jun 2024 - Summer - Stage 1,2024-06-08,2024,Ultra Prime,Weibo Gaming,Ultra Prime,Weibo Gaming,2-1,2,1,7.95,1.1,0.121547,0.878453
LPL,3,https://www.oddsportal.com/esports/league-of-legends/league-of-legends-lpl-2024/results/#/page/3/,08 Jun 2024 - Summer - Stage 1,2024-06-08,2024,Ninjas in Pyjamas,Anyone's Legend,Ninjas in Pyjamas,Anyone's Legend,0-2,0,2,1.45,2.86,0.663573,0.336427
LPL,3,https://www.oddsportal.com/esports/league-of-legends/league-of-legends-lpl-2024/results/#/page/3/,07 Jun 2024 - Summer - Stage 1,2024-06-07,2024,LNG Esports,Top Esports,LNG Esports,Top Esports,0-2,0,2,2.86,1.45,0.336427,0.663573
LPL,3,https://www.oddsportal.com/esports/league-of-legends/league-of-legends-lpl-2024/results/#/page/3/,07 Jun 2024 - Summer - Stage 1,2024-06-07,2024,JD Gaming,TT Gaming,JD Gaming,TT Gaming,2-0,2,0,1.11,7.1,0.864799,0.135201
LPL,3,https://www.oddsportal.com/esports/league-of-legends/league-of-legends-lpl-2024/results/#/page/3/,06 Jun 2024 - Summer - Stage 1,2024-06-06,2024,Royal Never Give Up,Bilibili Gaming,Royal Never Give Up,Bilibili Gaming,0-2,0,2,10.0,1.02,0.092559,0.907441
LPL,3,https://www.oddsportal.com/esports/league-of-legends/league-of-legends-lpl-2024/results/#/page/3/,06 Jun 2024 - Summer - Stage 1,2024-06-06,2024,Rare Atom,Oh My God,Rare Atom,Oh My God,2-1,2,1,2.35,1.63,0.409548,0.590452
LPL,3,https://www.oddsportal.com/esports/league-of-legends/league-of-legends-lpl-2024/results/#/page/3/,05 Jun 2024 - Summer - Stage 1,2024-06-05,2024,EDward Gaming,JD Gaming,EDward Gaming,JD Gaming,0-2,0,2,7.1,1.13,0.137303,0.862697
LPL,3,https://www.oddsportal.com/esports/league-of-legends/league-of-legends-lpl-2024/results/#/page/3/,04 Jun 2024 - Summer - Stage 1,2024-06-04,2024,TT Gaming,FunPlus Phoenix,TT Gaming,FunPlus Phoenix,1-2,1,2,2.86,1.48,0.341014,0.658986
LPL,3,https://www.oddsportal.com/esports/league-of-legends/league-of-legends-lpl-2024/results/#/page/3/,04 Jun 2024 - Summer - Stage 1,2024-06-04,2024,Anyone's Legend,Ultra Prime,Anyone's Legend,Ultra Prime,2-0,2,0,1.24,4.2,0.772059,0.227941
LPL,3,https://www.oddsportal.com/esports/league-of-legends/league-of-legends-lpl-2024/results/#/page/3/,03 Jun 2024 - Summer - Stage 1,2024-06-03,2024,Weibo Gaming,Invictus Gaming,Weibo Gaming,Invictus Gaming,2-1,2,1,1.13,7.1,0.862697,0.137303
LPL,3,https://www.oddsportal.com/esports/league-of-legends/league-of-legends-lpl-2024/results/#/page/3/,03 Jun 2024 - Summer - Stage 1,2024-06-03,2024,Oh My God,LNG Esports,Oh My God,LNG Esports,0-2,0,2,3.89,1.3,0.250482,0.749518
LPL,3,https://www.oddsportal.com/esports/league-of-legends/league-of-legends-lpl-2024/results/#/page/3/,02 Jun 2024 - Summer - Stage 1,2024-06-02,2024,Rare Atom,Top Esports,Rare Atom,Top Esports,0-2,0,2,13.5,1.04,0.071527,0.928473
LPL,3,https://www.oddsportal.com/esports/league-of-legends/league-of-legends-lpl-2024/results/#/page/3/,02 Jun 2024 - Summer - Stage 1,2024-06-02,2024,Team WE,Royal Never Give Up,Team WE,Royal Never Give Up,2-0,2,0,1.55,2.71,0.63615,0.36385
LPL,3,https://www.oddsportal.com/esports/league-of-legends/league-of-legends-lpl-2024/results/#/page/3/,01 Jun 2024 - Summer - Stage 1,2024-06-01,2024,Weibo Gaming,Ninjas in Pyjamas,Weibo Gaming,Ninjas in Pyjamas,1-2,1,2,1.72,2.0,0.537634,0.462366
LPL,3,https://www.oddsportal.com/esports/league-of-legends/league-of-legends-lpl-2024/results/#/page/3/,20 Apr 2024 - Spring - Play Offs,2024-04-20,2024,Bilibili Gaming,Top Esports,Bilibili Gaming,Top Esports,3-1,3,1,1.48,2.7,0.645933,0.354067
LPL,3,https://www.oddsportal.com/esports/league-of-legends/league-of-legends-lpl-2024/results/#/page/3/,14 Apr 2024 - Spring - Play Offs,2024-04-14,2024,Top Esports,JD Gaming,Top Esports,JD Gaming,3-1,3,1,1.56,2.42,0.60804,0.39196
LPL,3,https://www.oddsportal.com/esports/league-of-legends/league-of-legends-lpl-2024/results/#/page/3/,11 Apr 2024 - Spring - Play Offs,2024-04-11,2024,Bilibili Gaming,Top Esports,Bilibili Gaming,Top Esports,3-2,3,2,1.57,2.68,0.630588,0.369412
LPL,3,https://www.oddsportal.com/esports/league-of-legends/league-of-legends-lpl-2024/results/#/page/3/,10 Apr 2024 - Spring - Play Offs,2024-04-10,2024,Ninjas in Pyjamas,JD Gaming,Ninjas in Pyjamas,JD Gaming,2-3,2,3,3.8,1.27,0.250493,0.749507
LPL,3,https://www.oddsportal.com/esports/league-of-legends/league-of-legends-lpl-2024/results/#/page/3/,07 Apr 2024 - Spring - Play Offs,2024-04-07,2024,Top Esports,JD Gaming,Top Esports,JD Gaming,3-0,3,0,2.0,1.9,0.487179,0.512821
LPL,3,https://www.oddsportal.com/esports/league-of-legends/league-of-legends-lpl-2024/results/#/page/3/,06 Apr 2024 - Spring - Play Offs,2024-04-06,2024,Bilibili Gaming,Ninjas in Pyjamas,Bilibili Gaming,Ninjas in Pyjamas,3-1,3,1,1.14,5.76,0.834783,0.165217
LPL,3,https://www.oddsportal.com/esports/league-of-legends/league-of-legends-lpl-2024/results/#/page/3/,05 Apr 2024 - Spring - Play Offs,2024-04-05,2024,JD Gaming,Weibo Gaming,JD Gaming,Weibo Gaming,3-0,3,0,1.32,3.25,0.71116,0.28884
LPL,3,https://www.oddsportal.com/esports/league-of-legends/league-of-legends-lpl-2024/results/#/page/3/,04 Apr 2024 - Spring - Play Offs,2024-04-04,2024,FunPlus Phoenix,Ninjas in Pyjamas,FunPlus Phoenix,Ninjas in Pyjamas,1-3,1,3,1.78,2.05,0.535248,0.464752
LPL,3,https://www.oddsportal.com/esports/league-of-legends/league-of-legends-lpl-2024/results/#/page/3/,03 Apr 2024 - Spring - Play Offs,2024-04-03,2024,LNG Esports,Weibo Gaming,LNG Esports,Weibo Gaming,2-3,2,3,1.5,2.82,0.652778,0.347222
LPL,3,https://www.oddsportal.com/esports/league-of-legends/league-of-legends-lpl-2024/results/#/page/3/,01 Apr 2024 - Spring - Play Offs,2024-04-01,2024,Weibo Gaming,Invictus Gaming,Weibo Gaming,Invictus Gaming,3-2,3,2,1.3,3.54,0.731405,0.268595
LPL,3,https://www.oddsportal.com/esports/league-of-legends/league-of-legends-lpl-2024/results/#/page/3/,31 Mar 2024 - Spring - Play Offs,2024-03-31,2024,Oh My God,Team WE,Oh My God,Team WE,1-3,1,3,1.73,2.2,0.559796,0.440204
LPL,3,https://www.oddsportal.com/esports/league-of-legends/league-of-legends-lpl-2024/results/#/page/3/,27 Mar 2024 - Spring Season,2024-03-27,2024,Top Esports,Ninjas in Pyjamas,Top Esports,Ninjas in Pyjamas,2-0,2,0,1.31,3.57,0.731557,0.268443
LPL,3,https://www.oddsportal.com/esports/league-of-legends/league-of-legends-lpl-2024/results/#/page/3/,27 Mar 2024 - Spring Season,2024-03-27,2024,Rare Atom,LNG Esports,Rare Atom,LNG Esports,1-2,1,2,7.1,1.13,0.137303,0.862697
LPL,4,https://www.oddsportal.com/esports/league-of-legends/league-of-legends-lpl-2024/results/#/page/4/,26 Mar 2024 - Spring Season,2024-03-26,2024,LGD Gaming,Royal Never Give Up,LGD Gaming,Royal Never Give Up,2-0,2,0,2.71,1.5,0.356295,0.643705
LPL,4,https://www.oddsportal.com/esports/league-of-legends/league-of-legends-lpl-2024/results/#/page/4/,26 Mar 2024 - Spring Season,2024-03-26,2024,Weibo Gaming,Invictus Gaming,Weibo Gaming,Invictus Gaming,2-0,2,0,1.5,2.71,0.643705,0.356295
LPL,4,https://www.oddsportal.com/esports/league-of-legends/league-of-legends-lpl-2024/results/#/page/4/,25 Mar 2024 - Spring Season,2024-03-25,2024,TT Gaming,FunPlus Phoenix,TT Gaming,FunPlus Phoenix,1-2,1,2,2.86,1.45,0.336427,0.663573
LPL,4,https://www.oddsportal.com/esports/league-of-legends/league-of-legends-lpl-2024/results/#/page/4/,24 Mar 2024 - Spring Season,2024-03-24,2024,EDward Gaming,JD Gaming,EDward Gaming,JD Gaming,0-2,0,2,10.6,1.06,0.090909,0.909091
LPL,4,https://www.oddsportal.com/esports/league-of-legends/league-of-legends-lpl-2024/results/#/page/4/,24 Mar 2024 - Spring Season,2024-03-24,2024,Top Esports,Anyone's Legend,Top Esports,Anyone's Legend,2-1,2,1,1.11,7.1,0.864799,0.135201
LPL,4,https://www.oddsportal.com/esports/league-of-legends/league-of-legends-lpl-2024/results/#/page/4/,24 Mar 2024 - Spring Season,2024-03-24,2024,Rare Atom,LGD Gaming,Rare Atom,LGD Gaming,0-2,0,2,1.98,2.17,0.522892,0.477108
LPL,4,https://www.oddsportal.com/esports/league-of-legends/league-of-legends-lpl-2024/results/#/page/4/,23 Mar 2024 - Spring Season,2024-03-23,2024,Ninjas in Pyjamas,Bilibili Gaming,Ninjas in Pyjamas,Bilibili Gaming,0-2,0,2,5.63,1.18,0.173275,0.826725
LPL,4,https://www.oddsportal.com/esports/league-of-legends/league-of-legends-lpl-2024/results/#/page/4/,23 Mar 2024 - Spring Season,2024-03-23,2024,Team WE,LNG Esports,Team WE,LNG Esports,0-2,0,2,2.8,1.49,0.347319,0.652681
LPL,4,https://www.oddsportal.com/esports/league-of-legends/league-of-legends-lpl-2024/results/#/page/4/,23 Mar 2024 - Spring Season,2024-03-23,2024,Oh My God,Invictus Gaming,Oh My God,Invictus Gaming,2-0,2,0,2.45,1.68,0.40678,0.59322
LPL,4,https://www.oddsportal.com/esports/league-of-legends/league-of-legends-lpl-2024/results/#/page/4/,22 Mar 2024 - Spring Season,2024-03-22,2024,JD Gaming,Weibo Gaming,JD Gaming,Weibo Gaming,0-2,0,2,1.16,5.63,0.829161,0.170839
LPL,4,https://www.oddsportal.com/esports/league-of-legends/league-of-legends-lpl-2024/results/#/page/4/,22 Mar 2024 - Spring Season,2024-03-22,2024,TT Gaming,Top Esports,TT Gaming,Top Esports,0-2,0,2,7.95,1.09,0.120575,0.879425
LPL,4,https://www.oddsportal.com/esports/league-of-legends/league-of-legends-lpl-2024/results/#/page/4/,22 Mar 2024 - Spring Season,2024-03-22,2024,FunPlus Phoenix,Royal Never Give Up,FunPlus Phoenix,Royal Never Give Up,0-2,0,2,1.17,5.63,0.827941,0.172059
LPL,4,https://www.oddsportal.com/esports/league-of-legends/league-of-legends-lpl-2024/results/#/page/4/,21 Mar 2024 - Spring Season,2024-03-21,2024,Rare Atom,Ninjas in Pyjamas,Rare Atom,Ninjas in Pyjamas,0-2,0,2,5.63,1.22,0.178102,0.821898
LPL,4,https://www.oddsportal.com/esports/league-of-legends/league-of-legends-lpl-2024/results/#/page/4/,21 Mar 2024 - Spring Season,2024-03-21,2024,Ultra Prime,EDward Gaming,Ultra Prime,EDward Gaming,1-2,1,2,2.17,1.72,0.442159,0.557841
LPL,4,https://www.oddsportal.com/esports/league-of-legends/league-of-legends-lpl-2024/results/#/page/4/,20 Mar 2024 - Spring Season,2024-03-20,2024,Oh My God,Bilibili Gaming,Oh My God,Bilibili Gaming,1-2,1,2,9.45,1.07,0.101711,0.898289
LPL,4,https://www.oddsportal.com/esports/league-of-legends/league-of-legends-lpl-2024/results/#/page/4/,20 Mar 2024 - Spring Season,2024-03-20,2024,LNG Esports,Anyone's Legend,LNG Esports,Anyone's Legend,2-0,2,0,1.42,3.07,0.683742,0.316258
LPL,4,https://www.oddsportal.com/esports/league-of-legends/league-of-legends-lpl-2024/results/#/page/4/,19 Mar 2024 - Spring Season,2024-03-19,2024,LGD Gaming,Weibo Gaming,LGD Gaming,Weibo Gaming,2-1,2,1,4.2,1.25,0.229358,0.770642
LPL,4,https://www.oddsportal.com/esports/league-of-legends/league-of-legends-lpl-2024/results/#/page/4/,18 Mar 2024 - Spring Season,2024-03-18,2024,Ninjas in Pyjamas,Royal Never Give Up,Ninjas in Pyjamas,Royal Never Give Up,2-0,2,0,1.35,3.57,0.72561,0.27439
LPL,4,https://www.oddsportal.com/esports/league-of-legends/league-of-legends-lpl-2024/results/#/page/4/,18 Mar 2024 - Spring Season,2024-03-18,2024,Invictus Gaming,JD Gaming,Invictus Gaming,JD Gaming,0-2,0,2,4.51,1.22,0.212914,0.787086
LPL,4,https://www.oddsportal.com/esports/league-of-legends/league-of-legends-lpl-2024/results/#/page/4/,17 Mar 2024 - Spring Season,2024-03-17,2024,Team WE,Top Esports,Team WE,Top Esports,0-2,0,2,4.51,1.22,0.212914,0.787086
LPL,4,https://www.oddsportal.com/esports/league-of-legends/league-of-legends-lpl-2024/results/#/page/4/,17 Mar 2024 - Spring Season,2024-03-17,2024,Rare Atom,FunPlus Phoenix,Rare Atom,FunPlus Phoenix,1-2,1,2,5.63,1.17,0.172059,0.827941
LPL,4,https://www.oddsportal.com/esports/league-of-legends/league-of-legends-lpl-2024/results/#/page/4/,17 Mar 2024 - Spring Season,2024-03-17,2024,Ultra Prime,Oh My God,Ultra Prime,Oh My God,0-2,0,2,3.57,1.31,0.268443,0.731557
LPL,4,https://www.oddsportal.com/esports/league-of-legends/league-of-legends-lpl-2024/results/#/page/4/,16 Mar 2024 - Spring Season,2024-03-16,2024,Bilibili Gaming,Weibo Gaming,Bilibili Gaming,Weibo Gaming,2-0,2,0,1.11,7.1,0.864799,0.135201
LPL,4,https://www.oddsportal.com/esports/league-of-legends/league-of-legends-lpl-2024/results/#/page/4/,16 Mar 2024 - Spring Season,2024-03-16,2024,LNG Esports,EDward Gaming,LNG Esports,EDward Gaming,2-0,2,0,1.31,3.57,0.731557,0.268443
LPL,4,https://www.oddsportal.com/esports/league-of-legends/league-of-legends-lpl-2024/results/#/page/4/,16 Mar 2024 - Spring Season,2024-03-16,2024,Anyone's Legend,JD Gaming,Anyone's Legend,JD Gaming,1-2,1,2,5.63,1.16,0.170839,0.829161
LPL,4,https://www.oddsportal.com/esports/league-of-legends/league-of-legends-lpl-2024/results/#/page/4/,15 Mar 2024 - Spring Season,2024-03-15,2024,FunPlus Phoenix,Invictus Gaming,FunPlus Phoenix,Invictus Gaming,2-0,2,0,1.63,2.34,0.589421,0.410579
LPL,4,https://www.oddsportal.com/esports/league-of-legends/league-of-legends-lpl-2024/results/#/page/4/,15 Mar 2024 - Spring Season,2024-03-15,2024,Royal Never Give Up,Oh My God,Royal Never Give Up,Oh My God,2-0,2,0,2.71,1.5,0.356295,0.643705
LPL,4,https://www.oddsportal.com/esports/league-of-legends/league-of-legends-lpl-2024/results/#/page/4/,14 Mar 2024 - Spring Season,2024-03-14,2024,Top Esports,JD Gaming,Top Esports,JD Gaming,1-2,1,2,1.72,2.17,0.557841,0.442159
LPL,4,https://www.oddsportal.com/esports/league-of-legends/league-of-legends-lpl-2024/results/#/page/4/,14 Mar 2024 - Spring Season,2024-03-14,2024,Rare Atom,Team WE,Rare Atom,Team WE,2-1,2,1,4.88,1.2,0.197368,0.802632
LPL,4,https://www.oddsportal.com/esports/league-of-legends/league-of-legends-lpl-2024/results/#/page/4/,14 Mar 2024 - Spring Season,2024-03-14,2024,Bilibili Gaming,Ultra Prime,Bilibili Gaming,Ultra Prime,2-0,2,0,1.02,17.0,0.943396,0.056604
LPL,4,https://www.oddsportal.com/esports/league-of-legends/league-of-legends-lpl-2024/results/#/page/4/,13 Mar 2024 - Spring Season,2024-03-13,2024,Weibo Gaming,EDward Gaming,Weibo Gaming,EDward Gaming,2-1,2,1,1.33,3.47,0.722917,0.277083
LPL,4,https://www.oddsportal.com/esports/league-of-legends/league-of-legends-lpl-2024/results/#/page/4/,13 Mar 2024 - Spring Season,2024-03-13,2024,Royal Never Give Up,Anyone's Legend,Royal Never Give Up,Anyone's Legend,2-1,2,1,2.86,1.45,0.336427,0.663573
LPL,4,https://www.oddsportal.com/esports/league-of-legends/league-of-legends-lpl-2024/results/#/page/4/,12 Mar 2024 - Spring Season,2024-03-12,2024,Invictus Gaming,LNG Esports,Invictus Gaming,LNG Esports,1-2,1,2,1.85,2.07,0.528061,0.471939
LPL,4,https://www.oddsportal.com/esports/league-of-legends/league-of-legends-lpl-2024/results/#/page/4/,11 Mar 2024 - Spring Season,2024-03-11,2024,FunPlus Phoenix,JD Gaming,FunPlus Phoenix,JD Gaming,2-0,2,0,3.57,1.33,0.271429,0.728571
LPL,4,https://www.oddsportal.com/esports/league-of-legends/league-of-legends-lpl-2024/results/#/page/4/,11 Mar 2024 - Spring Season,2024-03-11,2024,Oh My God,LGD Gaming,Oh My God,LGD Gaming,2-0,2,0,1.49,2.71,0.645238,0.354762
LPL,4,https://www.oddsportal.com/esports/league-of-legends/league-of-legends-lpl-2024/results/#/page/4/,10 Mar 2024 - Spring Season,2024-03-10,2024,Team WE,Weibo Gaming,Team WE,Weibo Gaming,2-0,2,0,1.82,2.17,0.54386,0.45614
LPL,4,https://www.oddsportal.com/esports/league-of-legends/league-of-legends-lpl-2024/results/#/page/4/,10 Mar 2024 - Spring Season,2024-03-10,2024,Ultra Prime,Top Esports,Ultra Prime,Top Esports,0-2,0,2,10.6,1.06,0.090909,0.909091
LPL,4,https://www.oddsportal.com/esports/league-of-legends/league-of-legends-lpl-2024/results/#/page/4/,10 Mar 2024 - Spring Season,2024-03-10,2024,Bilibili Gaming,Rare Atom,Bilibili Gaming,Rare Atom,2-0,2,0,1.03,13.5,0.929112,0.070888
LPL,4,https://www.oddsportal.com/esports/league-of-legends/league-of-legends-lpl-2024/results/#/page/4/,09 Mar 2024 - Spring Season,2024-03-09,2024,JD Gaming,Royal Never Give Up,JD Gaming,Royal Never Give Up,2-0,2,0,1.07,9.45,0.898289,0.101711
LPL,4,https://www.oddsportal.com/esports/league-of-legends/league-of-legends-lpl-2024/results/#/page/4/,09 Mar 2024 - Spring Season,2024-03-09,2024,TT Gaming,EDward Gaming,TT Gaming,EDward Gaming,2-0,2,0,1.79,2.07,0.536269,0.463731
LPL,4,https://www.oddsportal.com/esports/league-of-legends/league-of-legends-lpl-2024/results/#/page/4/,09 Mar 2024 - Spring Season,2024-03-09,2024,Anyone's Legend,Invictus Gaming,Anyone's Legend,Invictus Gaming,0-2,0,2,2.17,1.72,0.442159,0.557841
LPL,4,https://www.oddsportal.com/esports/league-of-legends/league-of-legends-lpl-2024/results/#/page/4/,08 Mar 2024 - Spring Season,2024-03-08,2024,Top Esports,Oh My God,Top Esports,Oh My God,2-0,2,0,1.18,5.08,0.811502,0.188498
LPL,4,https://www.oddsportal.com/esports/league-of-legends/league-of-legends-lpl-2024/results/#/page/4/,08 Mar 2024 - Spring Season,2024-03-08,2024,FunPlus Phoenix,Bilibili Gaming,FunPlus Phoenix,Bilibili Gaming,0-2,0,2,4.0,1.27,0.240987,0.759013
LPL,4,https://www.oddsportal.com/esports/league-of-legends/league-of-legends-lpl-2024/results/#/page/4/,08 Mar 2024 - Spring Season,2024-03-08,2024,LGD Gaming,LNG Esports,LGD Gaming,LNG Esports,2-1,2,1,4.0,1.26,0.239544,0.760456
LPL,4,https://www.oddsportal.com/esports/league-of-legends/league-of-legends-lpl-2024/results/#/page/4/,07 Mar 2024 - Spring Season,2024-03-07,2024,Weibo Gaming,Ninjas in Pyjamas,Weibo Gaming,Ninjas in Pyjamas,2-0,2,0,2.71,1.53,0.360849,0.639151
LPL,4,https://www.oddsportal.com/esports/league-of-legends/league-of-legends-lpl-2024/results/#/page/4/,07 Mar 2024 - Spring Season,2024-03-07,2024,JD Gaming,Ultra Prime,JD Gaming,Ultra Prime,2-0,2,0,1.07,9.45,0.898289,0.101711
LPL,5,https://www.oddsportal.com/esports/league-of-legends/league-of-legends-lpl-2024/results/#/page/5/,07 Mar 2024 - Spring Season,2024-03-07,2024,Anyone's Legend,Rare Atom,Anyone's Legend,Rare Atom,1-2,1,2,1.24,4.2,0.772059,0.227941
LPL,5,https://www.oddsportal.com/esports/league-of-legends/league-of-legends-lpl-2024/results/#/page/5/,05 Mar 2024 - Spring Season,2024-03-05,2024,Royal Never Give Up,TT Gaming,Royal Never Give Up,TT Gaming,0-2,0,2,1.62,2.15,0.570292,0.429708
LPL,5,https://www.oddsportal.com/esports/league-of-legends/league-of-legends-lpl-2024/results/#/page/5/,05 Mar 2024 - Spring Season,2024-03-05,2024,EDward Gaming,Invictus Gaming,EDward Gaming,Invictus Gaming,1-2,1,2,3.57,1.33,0.271429,0.728571
LPL,5,https://www.oddsportal.com/esports/league-of-legends/league-of-legends-lpl-2024/results/#/page/5/,04 Mar 2024 - Spring Season,2024-03-04,2024,Team WE,Bilibili Gaming,Team WE,Bilibili Gaming,0-2,0,2,5.08,1.18,0.188498,0.811502
LPL,5,https://www.oddsportal.com/esports/league-of-legends/league-of-legends-lpl-2024/results/#/page/5/,04 Mar 2024 - Spring Season,2024-03-04,2024,LGD Gaming,Top Esports,LGD Gaming,Top Esports,0-2,0,2,7.95,1.09,0.120575,0.879425
LPL,5,https://www.oddsportal.com/esports/league-of-legends/league-of-legends-lpl-2024/results/#/page/5/,03 Mar 2024 - Spring Season,2024-03-03,2024,Oh My God,JD Gaming,Oh My God,JD Gaming,1-2,1,2,5.08,1.18,0.188498,0.811502
LPL,5,https://www.oddsportal.com/esports/league-of-legends/league-of-legends-lpl-2024/results/#/page/5/,03 Mar 2024 - Spring Season,2024-03-03,2024,Anyone's Legend,Ninjas in Pyjamas,Anyone's Legend,Ninjas in Pyjamas,2-1,2,1,3.07,1.4,0.313199,0.686801
LPL,5,https://www.oddsportal.com/esports/league-of-legends/league-of-legends-lpl-2024/results/#/page/5/,03 Mar 2024 - Spring Season,2024-03-03,2024,Weibo Gaming,FunPlus Phoenix,Weibo Gaming,FunPlus Phoenix,0-2,0,2,1.79,2.07,0.536269,0.463731
LPL,5,https://www.oddsportal.com/esports/league-of-legends/league-of-legends-lpl-2024/results/#/page/5/,02 Mar 2024 - Spring Season,2024-03-02,2024,EDward Gaming,Rare Atom,EDward Gaming,Rare Atom,2-0,2,0,2.34,1.78,0.432039,0.567961
LPL,5,https://www.oddsportal.com/esports/league-of-legends/league-of-legends-lpl-2024/results/#/page/5/,02 Mar 2024 - Spring Season,2024-03-02,2024,LNG Esports,Ultra Prime,LNG Esports,Ultra Prime,2-1,2,1,1.17,5.63,0.827941,0.172059
LPL,5,https://www.oddsportal.com/esports/league-of-legends/league-of-legends-lpl-2024/results/#/page/5/,02 Mar 2024 - Spring Season,2024-03-02,2024,Team WE,Royal Never Give Up,Team WE,Royal Never Give Up,2-0,2,0,1.54,2.55,0.623472,0.376528
LPL,5,https://www.oddsportal.com/esports/league-of-legends/league-of-legends-lpl-2024/results/#/page/5/,01 Mar 2024 - Spring Season,2024-03-01,2024,JD Gaming,TT Gaming,JD Gaming,TT Gaming,2-0,2,0,1.06,10.6,0.909091,0.090909
LPL,5,https://www.oddsportal.com/esports/league-of-legends/league-of-legends-lpl-2024/results/#/page/5/,01 Mar 2024 - Spring Season,2024-03-01,2024,Top Esports,Invictus Gaming,Top Esports,Invictus Gaming,2-1,2,1,1.24,4.2,0.772059,0.227941
LPL,5,https://www.oddsportal.com/esports/league-of-legends/league-of-legends-lpl-2024/results/#/page/5/,01 Mar 2024 - Spring Season,2024-03-01,2024,LGD Gaming,Bilibili Gaming,LGD Gaming,Bilibili Gaming,0-2,0,2,13.5,1.03,0.070888,0.929112
LPL,5,https://www.oddsportal.com/esports/league-of-legends/league-of-legends-lpl-2024/results/#/page/5/,29 Feb 2024 - Spring Season,2024-02-29,2024,Weibo Gaming,Anyone's Legend,Weibo Gaming,Anyone's Legend,1-2,1,2,1.42,2.7,0.65534,0.34466
LPL,5,https://www.oddsportal.com/esports/league-of-legends/league-of-legends-lpl-2024/results/#/page/5/,29 Feb 2024 - Spring Season,2024-02-29,2024,EDward Gaming,Oh My God,EDward Gaming,Oh My God,1-2,1,2,3.57,1.33,0.271429,0.728571
LPL,5,https://www.oddsportal.com/esports/league-of-legends/league-of-legends-lpl-2024/results/#/page/5/,29 Feb 2024 - Spring Season,2024-02-29,2024,FunPlus Phoenix,Ninjas in Pyjamas,FunPlus Phoenix,Ninjas in Pyjamas,2-0,2,0,3.47,1.33,0.277083,0.722917
LPL,5,https://www.oddsportal.com/esports/league-of-legends/league-of-legends-lpl-2024/results/#/page/5/,28 Feb 2024 - Spring Season,2024-02-28,2024,LNG Esports,Royal Never Give Up,LNG Esports,Royal Never Give Up,2-0,2,0,1.5,2.86,0.655963,0.344037
LPL,5,https://www.oddsportal.com/esports/league-of-legends/league-of-legends-lpl-2024/results/#/page/5/,28 Feb 2024 - Spring Season,2024-02-28,2024,Ultra Prime,Rare Atom,Ultra Prime,Rare Atom,2-0,2,0,2.35,1.63,0.409548,0.590452
LPL,5,https://www.oddsportal.com/esports/league-of-legends/league-of-legends-lpl-2024/results/#/page/5/,27 Feb 2024 - Spring Season,2024-02-27,2024,JD Gaming,Team WE,JD Gaming,Team WE,2-1,2,1,1.2,5.08,0.808917,0.191083
LPL,5,https://www.oddsportal.com/esports/league-of-legends/league-of-legends-lpl-2024/results/#/page/5/,27 Feb 2024 - Spring Season,2024-02-27,2024,Bilibili Gaming,TT Gaming,Bilibili Gaming,TT Gaming,2-0,2,0,1.05,11.9,0.918919,0.081081
LPL,5,https://www.oddsportal.com/esports/league-of-legends/league-of-legends-lpl-2024/results/#/page/5/,26 Feb 2024 - Spring Season,2024-02-26,2024,Top Esports,FunPlus Phoenix,Top Esports,FunPlus Phoenix,1-2,1,2,1.08,9.45,0.897436,0.102564
LPL,5,https://www.oddsportal.com/esports/league-of-legends/league-of-legends-lpl-2024/results/#/page/5/,25 Feb 2024 - Spring Season,2024-02-25,2024,Ninjas in Pyjamas,LNG Esports,Ninjas in Pyjamas,LNG Esports,2-1,2,1,1.72,2.17,0.557841,0.442159
LPL,5,https://www.oddsportal.com/esports/league-of-legends/league-of-legends-lpl-2024/results/#/page/5/,25 Feb 2024 - Spring Season,2024-02-25,2024,Weibo Gaming,Oh My God,Weibo Gaming,Oh My God,1-2,1,2,1.36,3.1,0.695067,0.304933
LPL,5,https://www.oddsportal.com/esports/league-of-legends/league-of-legends-lpl-2024/results/#/page/5/,25 Feb 2024 - Spring Season,2024-02-25,2024,EDward Gaming,Anyone's Legend,EDward Gaming,Anyone's Legend,2-0,2,0,5.08,1.18,0.188498,0.811502
LPL,5,https://www.oddsportal.com/esports/league-of-legends/league-of-legends-lpl-2024/results/#/page/5/,24 Feb 2024 - Spring Season,2024-02-24,2024,JD Gaming,Bilibili Gaming,JD Gaming,Bilibili Gaming,1-2,1,2,2.75,1.5,0.352941,0.647059
LPL,5,https://www.oddsportal.com/esports/league-of-legends/league-of-legends-lpl-2024/results/#/page/5/,24 Feb 2024 - Spring Season,2024-02-24,2024,Royal Never Give Up,Rare Atom,Royal Never Give Up,Rare Atom,1-2,1,2,1.22,3.8,0.756972,0.243028
LPL,5,https://www.oddsportal.com/esports/league-of-legends/league-of-legends-lpl-2024/results/#/page/5/,23 Feb 2024 - Spring Season,2024-02-23,2024,LNG Esports,Top Esports,LNG Esports,Top Esports,0-2,0,2,3.04,1.4,0.315315,0.684685
LPL,5,https://www.oddsportal.com/esports/league-of-legends/league-of-legends-lpl-2024/results/#/page/5/,23 Feb 2024 - Spring Season,2024-02-23,2024,FunPlus Phoenix,LGD Gaming,FunPlus Phoenix,LGD Gaming,2-1,2,1,1.72,2.17,0.557841,0.442159
LPL,5,https://www.oddsportal.com/esports/league-of-legends/league-of-legends-lpl-2024/results/#/page/5/,22 Feb 2024 - Spring Season,2024-02-22,2024,EDward Gaming,Ninjas in Pyjamas,EDward Gaming,Ninjas in Pyjamas,0-2,0,2,6.15,1.14,0.156379,0.843621
LPL,5,https://www.oddsportal.com/esports/league-of-legends/league-of-legends-lpl-2024/results/#/page/5/,22 Feb 2024 - Spring Season,2024-02-22,2024,Rare Atom,Oh My God,Rare Atom,Oh My God,0-2,0,2,2.71,1.52,0.359338,0.640662
LPL,5,https://www.oddsportal.com/esports/league-of-legends/league-of-legends-lpl-2024/results/#/page/5/,22 Feb 2024 - Spring Season,2024-02-22,2024,TT Gaming,Anyone's Legend,TT Gaming,Anyone's Legend,0-2,0,2,2.17,1.72,0.442159,0.557841
LPL,5,https://www.oddsportal.com/esports/league-of-legends/league-of-legends-lpl-2024/results/#/page/5/,21 Feb 2024 - Spring Season,2024-02-21,2024,Royal Never Give Up,Top Esports,Royal Never Give Up,Top Esports,0-2,0,2,3.8,1.22,0.243028,0.756972
LPL,5,https://www.oddsportal.com/esports/league-of-legends/league-of-legends-lpl-2024/results/#/page/5/,21 Feb 2024 - Spring Season,2024-02-21,2024,Ultra Prime,Weibo Gaming,Ultra Prime,Weibo Gaming,0-2,0,2,6.15,1.14,0.156379,0.843621
LPL,5,https://www.oddsportal.com/esports/league-of-legends/league-of-legends-lpl-2024/results/#/page/5/,20 Feb 2024 - Spring Season,2024-02-20,2024,Invictus Gaming,Bilibili Gaming,Invictus Gaming,Bilibili Gaming,2-0,2,0,11.9,1.04,0.080371,0.919629
LPL,5,https://www.oddsportal.com/esports/league-of-legends/league-of-legends-lpl-2024/results/#/page/5/,20 Feb 2024 - Spring Season,2024-02-20,2024,FunPlus Phoenix,LNG Esports,FunPlus Phoenix,LNG Esports,2-1,2,1,7.1,1.13,0.137303,0.862697
LPL,5,https://www.oddsportal.com/esports/league-of-legends/league-of-legends-lpl-2024/results/#/page/5/,19 Feb 2024 - Spring Season,2024-02-19,2024,EDward Gaming,Team WE,EDward Gaming,Team WE,0-2,0,2,3.11,1.39,0.308889,0.691111
LPL,5,https://www.oddsportal.com/esports/league-of-legends/league-of-legends-lpl-2024/results/#/page/5/,19 Feb 2024 - Spring Season,2024-02-19,2024,JD Gaming,LGD Gaming,JD Gaming,LGD Gaming,2-1,2,1,1.07,9.6,0.899719,0.100281
LPL,5,https://www.oddsportal.com/esports/league-of-legends/league-of-legends-lpl-2024/results/#/page/5/,18 Feb 2024 - Spring Season,2024-02-18,2024,TT Gaming,Rare Atom,TT Gaming,Rare Atom,1-2,1,2,1.5,2.55,0.62963,0.37037
LPL,5,https://www.oddsportal.com/esports/league-of-legends/league-of-legends-lpl-2024/results/#/page/5/,18 Feb 2024 - Spring Season,2024-02-18,2024,Anyone's Legend,Oh My God,Anyone's Legend,Oh My God,2-1,2,1,2.07,1.8,0.465116,0.534884
LPL,5,https://www.oddsportal.com/esports/league-of-legends/league-of-legends-lpl-2024/results/#/page/5/,07 Feb 2024 - Spring Season,2024-02-07,2024,Weibo Gaming,Top Esports,Weibo Gaming,Top Esports,0-2,0,2,2.86,1.45,0.336427,0.663573
LPL,5,https://www.oddsportal.com/esports/league-of-legends/league-of-legends-lpl-2024/results/#/page/5/,07 Feb 2024 - Spring Season,2024-02-07,2024,Invictus Gaming,Royal Never Give Up,Invictus Gaming,Royal Never Give Up,2-1,2,1,2.86,1.45,0.336427,0.663573
LPL,5,https://www.oddsportal.com/esports/league-of-legends/league-of-legends-lpl-2024/results/#/page/5/,06 Feb 2024 - Spring Season,2024-02-06,2024,LNG Esports,Bilibili Gaming,LNG Esports,Bilibili Gaming,0-2,0,2,4.2,1.24,0.227941,0.772059
LPL,5,https://www.oddsportal.com/esports/league-of-legends/league-of-legends-lpl-2024/results/#/page/5/,06 Feb 2024 - Spring Season,2024-02-06,2024,EDward Gaming,FunPlus Phoenix,EDward Gaming,FunPlus Phoenix,1-2,1,2,1.67,2.34,0.583541,0.416459
LPL,5,https://www.oddsportal.com/esports/league-of-legends/league-of-legends-lpl-2024/results/#/page/5/,05 Feb 2024 - Spring Season,2024-02-05,2024,Ultra Prime,Anyone's Legend,Ultra Prime,Anyone's Legend,1-2,1,2,3.47,1.33,0.277083,0.722917
LPL,6,https://www.oddsportal.com/esports/league-of-legends/league-of-legends-lpl-2024/results/#/page/6/,04 Feb 2024 - Spring Season,2024-02-04,2024,Royal Never Give Up,Weibo Gaming,Royal Never Give Up,Weibo Gaming,0-2,0,2,2.17,1.72,0.442159,0.557841
LPL,6,https://www.oddsportal.com/esports/league-of-legends/league-of-legends-lpl-2024/results/#/page/6/,04 Feb 2024 - Spring Season,2024-02-04,2024,JD Gaming,LNG Esports,JD Gaming,LNG Esports,2-1,2,1,1.36,3.47,0.718427,0.281573
LPL,6,https://www.oddsportal.com/esports/league-of-legends/league-of-legends-lpl-2024/results/#/page/6/,04 Feb 2024 - Spring Season,2024-02-04,2024,Oh My God,Ninjas in Pyjamas,Oh My God,Ninjas in Pyjamas,0-2,0,2,3.47,1.38,0.284536,0.715464
LPL,6,https://www.oddsportal.com/esports/league-of-legends/league-of-legends-lpl-2024/results/#/page/6/,03 Feb 2024 - Spring Season,2024-02-03,2024,Bilibili Gaming,EDward Gaming,Bilibili Gaming,EDward Gaming,2-0,2,0,1.06,10.6,0.909091,0.090909
LPL,6,https://www.oddsportal.com/esports/league-of-legends/league-of-legends-lpl-2024/results/#/page/6/,03 Feb 2024 - Spring Season,2024-02-03,2024,Top Esports,Rare Atom,Top Esports,Rare Atom,2-0,2,0,1.12,7.95,0.876516,0.123484
LPL,6,https://www.oddsportal.com/esports/league-of-legends/league-of-legends-lpl-2024/results/#/page/6/,02 Feb 2024 - Spring Season,2024-02-02,2024,Anyone's Legend,LGD Gaming,Anyone's Legend,LGD Gaming,2-1,2,1,1.58,2.45,0.60794,0.39206
LPL,6,https://www.oddsportal.com/esports/league-of-legends/league-of-legends-lpl-2024/results/#/page/6/,02 Feb 2024 - Spring Season,2024-02-02,2024,Ultra Prime,FunPlus Phoenix,Ultra Prime,FunPlus Phoenix,2-1,2,1,4.2,1.24,0.227941,0.772059
LPL,6,https://www.oddsportal.com/esports/league-of-legends/league-of-legends-lpl-2024/results/#/page/6/,01 Feb 2024 - Spring Season,2024-02-01,2024,LNG Esports,Weibo Gaming,LNG Esports,Weibo Gaming,2-1,2,1,1.65,2.34,0.586466,0.413534
LPL,6,https://www.oddsportal.com/esports/league-of-legends/league-of-legends-lpl-2024/results/#/page/6/,01 Feb 2024 - Spring Season,2024-02-01,2024,TT Gaming,Oh My God,TT Gaming,Oh My God,0-2,0,2,1.45,2.96,0.671202,0.328798
LPL,6,https://www.oddsportal.com/esports/league-of-legends/league-of-legends-lpl-2024/results/#/page/6/,31 Jan 2024 - Spring Season,2024-01-31,2024,Ninjas in Pyjamas,JD Gaming,Ninjas in Pyjamas,JD Gaming,0-2,0,2,3.47,1.33,0.277083,0.722917
LPL,6,https://www.oddsportal.com/esports/league-of-legends/league-of-legends-lpl-2024/results/#/page/6/,31 Jan 2024 - Spring Season,2024-01-31,2024,Rare Atom,Invictus Gaming,Rare Atom,Invictus Gaming,0-2,0,2,1.88,1.96,0.510417,0.489583
LPL,6,https://www.oddsportal.com/esports/league-of-legends/league-of-legends-lpl-2024/results/#/page/6/,30 Jan 2024 - Spring Season,2024-01-30,2024,LGD Gaming,EDward Gaming,LGD Gaming,EDward Gaming,2-0,2,0,3.07,1.4,0.313199,0.686801
LPL,6,https://www.oddsportal.com/esports/league-of-legends/league-of-legends-lpl-2024/results/#/page/6/,30 Jan 2024 - Spring Season,2024-01-30,2024,Royal Never Give Up,Ultra Prime,Royal Never Give Up,Ultra Prime,2-0,2,0,1.13,7.1,0.862697,0.137303
LPL,6,https://www.oddsportal.com/esports/league-of-legends/league-of-legends-lpl-2024/results/#/page/6/,29 Jan 2024 - Spring Season,2024-01-29,2024,Bilibili Gaming,Anyone's Legend,Bilibili Gaming,Anyone's Legend,2-0,2,0,1.04,11.9,0.919629,0.080371
LPL,6,https://www.oddsportal.com/esports/league-of-legends/league-of-legends-lpl-2024/results/#/page/6/,29 Jan 2024 - Spring Season,2024-01-29,2024,FunPlus Phoenix,Team WE,FunPlus Phoenix,Team WE,1-2,1,2,2.71,1.5,0.356295,0.643705
LPL,6,https://www.oddsportal.com/esports/league-of-legends/league-of-legends-lpl-2024/results/#/page/6/,28 Jan 2024 - Spring Season,2024-01-28,2024,Oh My God,LNG Esports,Oh My God,LNG Esports,0-2,0,2,3.47,1.33,0.277083,0.722917
LPL,6,https://www.oddsportal.com/esports/league-of-legends/league-of-legends-lpl-2024/results/#/page/6/,28 Jan 2024 - Spring Season,2024-01-28,2024,Rare Atom,JD Gaming,Rare Atom,JD Gaming,0-2,0,2,9.45,1.08,0.102564,0.897436
LPL,6,https://www.oddsportal.com/esports/league-of-legends/league-of-legends-lpl-2024/results/#/page/6/,28 Jan 2024 - Spring Season,2024-01-28,2024,TT Gaming,Weibo Gaming,TT Gaming,Weibo Gaming,0-2,0,2,2.86,1.45,0.336427,0.663573
LPL,6,https://www.oddsportal.com/esports/league-of-legends/league-of-legends-lpl-2024/results/#/page/6/,27 Jan 2024 - Spring Season,2024-01-27,2024,Top Esports,EDward Gaming,Top Esports,EDward Gaming,2-0,2,0,1.31,3.57,0.731557,0.268443
LPL,6,https://www.oddsportal.com/esports/league-of-legends/league-of-legends-lpl-2024/results/#/page/6/,26 Jan 2024 - Spring Season,2024-01-26,2024,Bilibili Gaming,Royal Never Give Up,Bilibili Gaming,Royal Never Give Up,2-0,2,0,1.18,5.63,0.826725,0.173275
LPL,6,https://www.oddsportal.com/esports/league-of-legends/league-of-legends-lpl-2024/results/#/page/6/,26 Jan 2024 - Spring Season,2024-01-26,2024,Oh My God,FunPlus Phoenix,Oh My God,FunPlus Phoenix,0-2,0,2,1.5,2.71,0.643705,0.356295
LPL,6,https://www.oddsportal.com/esports/league-of-legends/league-of-legends-lpl-2024/results/#/page/6/,26 Jan 2024 - Spring Season,2024-01-26,2024,Anyone's Legend,Team WE,Anyone's Legend,Team WE,0-2,0,2,1.95,1.92,0.496124,0.503876
LPL,6,https://www.oddsportal.com/esports/league-of-legends/league-of-legends-lpl-2024/results/#/page/6/,25 Jan 2024 - Spring Season,2024-01-25,2024,LNG Esports,TT Gaming,LNG Esports,TT Gaming,1-2,1,2,1.22,4.51,0.787086,0.212914
LPL,6,https://www.oddsportal.com/esports/league-of-legends/league-of-legends-lpl-2024/results/#/page/6/,25 Jan 2024 - Spring Season,2024-01-25,2024,Weibo Gaming,Rare Atom,Weibo Gaming,Rare Atom,2-0,2,0,1.33,3.57,0.728571,0.271429
LPL,6,https://www.oddsportal.com/esports/league-of-legends/league-of-legends-lpl-2024/results/#/page/6/,23 Jan 2024 - Spring Season,2024-01-23,2024,Anyone's Legend,FunPlus Phoenix,Anyone's Legend,FunPlus Phoenix,2-0,2,0,1.68,2.24,0.571429,0.428571
LPL,6,https://www.oddsportal.com/esports/league-of-legends/league-of-legends-lpl-2024/results/#/page/6/,23 Jan 2024 - Spring Season,2024-01-23,2024,Oh My God,Team WE,Oh My God,Team WE,2-0,2,0,2.71,1.55,0.36385,0.63615
LPL,6,https://www.oddsportal.com/esports/league-of-legends/league-of-legends-lpl-2024/results/#/page/6/,22 Jan 2024 - Spring Season,2024-01-22,2024,Royal Never Give Up,EDward Gaming,Royal Never Give Up,EDward Gaming,2-1,2,1,1.73,2.1,0.548303,0.451697
LPL,6,https://www.oddsportal.com/esports/league-of-legends/league-of-legends-lpl-2024/results/#/page/6/,22 Jan 2024 - Spring Season,2024-01-22,2024,Bilibili Gaming,Top Esports,Bilibili Gaming,Top Esports,2-1,2,1,1.33,3.47,0.722917,0.277083
